[
  {
    "Anglais": "1 bottle 473 ml",
    "Français": "1 bouteille 473 ml",
    "Espagnol": "1 botella 473 ml",
    "Portugais": "1 garrafão 473 ml",
    "Allemand": "1 Flasche 473 ml",
    "Drycapacity_ID": 1
  },
  {
    "Anglais": "1 tube 414 ml or one pot 414 ml",
    "Français": "1 tube 414 ml ou un pot 414 ml",
    "Espagnol": "1 tubo de 414 ml o un frasco de 414 ml",
    "Portugais": "1 tubo de 414 ml ou um frasco de 414 ml",
    "Allemand": "1 414-ml-Tube oder ein 414-ml-Tiegel",
    "Drycapacity_ID": 2
  },
  {
    "Anglais": "2 bottles 473 ml",
    "Français": "2 bouteilles 473 ml",
    "Espagnol": "2 botellas 473 ml",
    "Portugais": "2 garrafões 473 ml",
    "Allemand": "2 Flaschen 473 ml",
    "Drycapacity_ID": 3
  },
  {
    "Anglais": "3 bottles 473 ml",
    "Français": "3 bouteilles 473 ml",
    "Espagnol": "3 botellas 473 ml",
    "Portugais": "3 garrafões 473 ml",
    "Allemand": "3 Flaschen 473 ml",
    "Drycapacity_ID": 4
  },
  {
    "Anglais": "4 bottles 473 ml",
    "Français": "4 bouteilles 473 ml",
    "Espagnol": "4 botellas 473 ml",
    "Portugais": "4 garrafões 473 ml",
    "Allemand": "4 Flaschen 473 ml",
    "Drycapacity_ID": 5
  },
  {
    "Anglais": "5 bottles 473 ml",
    "Français": "5 bouteilles 473 ml",
    "Espagnol": "5 botellas 473 ml",
    "Portugais": "5 garrafões 473 ml",
    "Allemand": "5 Flaschen 473 ml",
    "Drycapacity_ID": 6
  },
  {
    "Anglais": "6 bottles 473 ml",
    "Français": "6 bouteilles 473 ml",
    "Espagnol": "6 botellas 473 ml",
    "Portugais": "6 garrafões 473 ml",
    "Allemand": "6 Flaschen 473 ml",
    "Drycapacity_ID": 7
  },
  {
    "Anglais": "7 bottles 473 ml",
    "Français": "7 bouteilles 473 ml",
    "Espagnol": "7 botellas 473 ml",
    "Portugais": "7 garrafões 473 ml",
    "Allemand": "7 Flaschen 473 ml",
    "Drycapacity_ID": 8
  },
  {
    "Anglais": "9 bottles 473 ml",
    "Français": "9 bouteilles 473 ml",
    "Espagnol": "9 botellas 473 ml",
    "Portugais": "9 garrafões 473 ml",
    "Allemand": "9 Flaschen 473 ml",
    "Drycapacity_ID": 9
  },
  {
    "Anglais": "10 bottles 473 ml",
    "Français": "10 bouteilles 473 ml",
    "Espagnol": "10 botellas 473 ml",
    "Portugais": "10 garrafões 473 ml",
    "Allemand": "10 Flaschen 473 ml",
    "Drycapacity_ID": 10
  },
  {
    "Anglais": "19 bottles 473 ml",
    "Français": "19 bouteilles 473 ml",
    "Espagnol": "19 botellas 473 ml",
    "Portugais": "19 garrafões 473 ml",
    "Allemand": "19 Flaschen 473 ml",
    "Drycapacity_ID": 11
  },
  {
    "Anglais": "22 bottles 473 ml",
    "Français": "22 bouteilles 473 ml",
    "Espagnol": "22 botellas 473 ml",
    "Portugais": "22 garrafões 473 ml",
    "Allemand": "22 Flaschen 473 ml",
    "Drycapacity_ID": 12
  },
  {
    "Anglais": "1 bottle 0,946L",
    "Français": "1 bouteille 0,946L",
    "Espagnol": "1 botella 0,946L",
    "Portugais": "1 lata 0,946L",
    "Allemand": "1 Flasche 0,946L",
    "Drycapacity_ID": 13
  },
  {
    "Anglais": "2 bottles 0,946L",
    "Français": "2 bouteilles 0,946L",
    "Espagnol": "2 botellas 0,946L",
    "Portugais": "2 latas 0,946L",
    "Allemand": "2 Flaschen 0,946L",
    "Drycapacity_ID": 14
  },
  {
    "Anglais": "3 bottles 0,946L",
    "Français": "3 bouteilles 0,946L",
    "Espagnol": "3 botellas 0,946L",
    "Portugais": "3 latas 0,946L",
    "Allemand": "3 Flaschen 0,946L",
    "Drycapacity_ID": 15
  },
  {
    "Anglais": "4 bottles 0,946L or 1 bottle 3,785L",
    "Français": "4 bouteilles 0,946L ou 1 bidon 3,785L",
    "Espagnol": "4 botellas 0,946L or 1 lata 3,785L",
    "Portugais": "4 latas 0,946L ou 1 garrafão 3,785L",
    "Allemand": "4 Flaschen 0,946L oder ein 3,785L Ölkanne",
    "Drycapacity_ID": 16
  },
  {
    "Anglais": "5 bottles 0,946L or 1 bottle 3,785L plus 1 bottle 0,946L",
    "Français": "5 bouteilles 0,946L ou 1 bidon 3,785L plus 1 bouteille 0,946L",
    "Espagnol": "5 botellas 0,946L or 1 lata 3,785L plus 1 botella 0,946L",
    "Portugais": "5 latas 0,946L ou 1 garrafão 3,785L plus 1 lata 0,946L",
    "Allemand": "5 Flaschen 0,946L oder ein 3,785L Ölkanne plus 1 Flasche 0,946L",
    "Drycapacity_ID": 17
  },
  {
    "Anglais": "5 bottles 0,946L or 1 bottle 3,785L plus 1 bottle 0,946L",
    "Français": "5 bouteilles 0,946L ou 1 bidon 3,785L plus 1 bouteille 0,946L",
    "Espagnol": "5 botellas 0,946L or 1 lata 3,785L plus 1 botella 0,946L",
    "Portugais": "5 latas 0,946L ou 1 garrafão 3,785L plus 1 lata 0,946L",
    "Allemand": "5 Flaschen 0,946L oder ein 3,785L Ölkanne plus 1 Flasche 0,946L",
    "Drycapacity_ID": 18
  },
  {
    "Anglais": "6 bottles 0,946L or 1 bottle 3,785L plus 2 bottle 0,946L",
    "Français": "6 bouteilles 0,946L ou 1 bidon 3,785L plus 2 bouteille 0,946L",
    "Espagnol": "6 botellas 0,946L or 1 lata 3,785L plus 2 botella 0,946L",
    "Portugais": "6 latas 0,946L ou 1 garrafão 3,785L plus 2 lata 0,946L",
    "Allemand": "6 Flaschen 0,946L oder ein 3,785L Ölkanne plus 2 Flasche 0,946L",
    "Drycapacity_ID": 19
  },
  {
    "Anglais": "7 bottles 0,946L or 1 bottle 3,785L plus 3 bottles 0,946L",
    "Français": "7 bouteilles 0,946L ou 1 bidon 3,785L plus 3 bouteilles 0,946L",
    "Espagnol": "7 botellas 0,946L or 1 lata 3,785L plus 3 botellas 0,946L",
    "Portugais": "7 latas 0,946L ou 1 garrafão 3,785L plus 3 latas 0,946L",
    "Allemand": "7 Flaschen 0,946L oder ein 3,785L Ölkanne plus 3 Flaschen 0,946L",
    "Drycapacity_ID": 20
  },
  {
    "Anglais": "8 bottles 0,946L or 2 bottles 3,785L",
    "Français": "8 bouteilles 0,946L ou 2 bidons 3,785L",
    "Espagnol": "8 botellas 0,946L or 2 latas 3,785L",
    "Portugais": "8 latas 0,946L ou 2 garrafões 3,785L",
    "Allemand": "8 Flaschen 0,946L oder zwei 3,785L Ölkannen",
    "Drycapacity_ID": 21
  },
  {
    "Anglais": "9 bottles 0,946L or 2 bottles 3,758L plus 1 bottle 0,946L",
    "Français": "9 bouteilles 0,946L ou 2 bidons 3,758L plus 1 bouteille 0,946L",
    "Espagnol": "9 botellas 0,946L or 2 latas 3,758L plus 1 botella 0,946L",
    "Portugais": "9 latas 0,946L ou 2 garrafões 3,758L plus 1 lata 0,946L",
    "Allemand": "9 Flaschen 0,946L oder zwei 3,785L Ölkannen plus 1 Flasche 0,946L",
    "Drycapacity_ID": 22
  },
  {
    "Anglais": "10 bottles 0,946L or 2 bottles 3,785L plus 2 bottles 0,946L",
    "Français": "10 bouteilles 0,946L ou 2 bidons 3,785L plus 2 bouteilles 0,946L",
    "Espagnol": "10 botellas 0,946L or 2 latas 3,785L plus 2 botellas 0,946L",
    "Portugais": "10 latas 0,946L ou 2 garrafões 3,785L plus 2 latas 0,946L",
    "Allemand": "10 Flaschen 0,946L oder zwei 3,785L Ölkannen plus 2 Flaschen 0,946L",
    "Drycapacity_ID": 23
  },
  {
    "Anglais": "11 bottles 0,946L or 2 bottles 3,785L plus 3 bottles 0,946L",
    "Français": "11 bouteilles 0,946L ou 2 bidons 3,785L plus 3 bouteilles 0,946L",
    "Espagnol": "11 botellas 0,946L or 2 latas 3,785L plus 3 botellas 0,946L",
    "Portugais": "11 latas 0,946L ou 2 garrafões 3,785L plus 3 latas 0,946L",
    "Allemand": "11 Flaschen 0,946L oder zwei 3,785L Ölkannen plus 3 Flaschen 0,946L",
    "Drycapacity_ID": 24
  },
  {
    "Anglais": "12 bottles 0,946L or 3 bottles 3,785L",
    "Français": "12 bouteilles 0,946L ou 3 bidons 3,785L",
    "Espagnol": "12 botellas 0,946L or 3 latas 3,785L",
    "Portugais": "12 latas 0,946L ou 3 garrafões 3,785L",
    "Allemand": "12 Flaschen 0,946L oder drei 3,785L Ölkannen",
    "Drycapacity_ID": 25
  },
  {
    "Anglais": "13 bottles 0,946L or 3 bottles 3,785L plus 1 bottle 0,946L",
    "Français": "13 bouteilles 0,946L ou 3 bidons 3,785L plus 1 bouteille 0,946L",
    "Espagnol": "13 botellas 0,946L or 3 latas 3,785L plus 1 botella 0,946L",
    "Portugais": "13 latas 0,946L ou 3 garrafões 3,785L plus 1 lata 0,946L",
    "Allemand": "13 Flaschen 0,946L oder drei 3,785L Ölkannen plus 1 Flasche 0,946L",
    "Drycapacity_ID": 26
  },
  {
    "Anglais": "14 bottles 0,946L or 3 bottle 3,785L plus 1 bottle 0,946L",
    "Français": "14 bouteilles 0,946L ou 3 bidon 3,785L plus 1 bouteille 0,946L",
    "Espagnol": "14 botellas 0,946L or 3 lata 3,785L plus 1 botella 0,946L",
    "Portugais": "14 latas 0,946L ou 3 garrafão 3,785L plus 1 lata 0,946L",
    "Allemand": "14 Flaschen 0,946L oder drei 3,785L Ölkannen plus 1 Flasche 0,946L",
    "Drycapacity_ID": 27
  },
  {
    "Anglais": "15 bottles 0,946L or 3 bottles 3,785L plus 3 bottles 0,946L",
    "Français": "15 bouteilles 0,946L ou 3 bidons 3,785L plus 3 bouteilles 0,946L",
    "Espagnol": "15 botellas 0,946L or 3 latas 3,785L plus 3 botellas 0,946L",
    "Portugais": "15 latas 0,946L ou 3 garrafões 3,785L plus 3 latas 0,946L",
    "Allemand": "15 Flaschen 0,946L oder drei 3,785L Ölkannen plus 3 Flaschen 0,946L",
    "Drycapacity_ID": 28
  },
  {
    "Anglais": "16 bottles 0,946L or 4 bottles 3,785L",
    "Français": "16 bouteilles 0,946L ou 4 bidons 3,785L",
    "Espagnol": "16 botellas 0,946L or 4 latas 3,785L",
    "Portugais": "16 latas 0,946L ou 4 garrafões 3,785L",
    "Allemand": "16 Flaschen 0,946L oder vier 3,785L Ölkannen",
    "Drycapacity_ID": 29
  },
  {
    "Anglais": "17 bottles 0,946L or 4 bottles 3,785L plus 1 bottle 0,946L",
    "Français": "17 bouteilles 0,946L ou 4 bidons 3,785L plus 1 bouteille 0,946L",
    "Espagnol": "17 botellas 0,946L or 4 latas 3,785L plus 1 botella 0,946L",
    "Portugais": "17 latas 0,946L ou 4 garrafões 3,785L plus 1 lata 0,946L",
    "Allemand": "17 Flaschen 0,946L oder vier 3,785L Ölkannen plus 1 Flasche 0,946L",
    "Drycapacity_ID": 30
  },
  {
    "Anglais": "18 bottles 0,946L or 4 bottles 3,785L plus 2 bottles 0,946L",
    "Français": "18 bouteilles 0,946L ou 4 bidons 3,785L plus 2 bouteilles 0,946L",
    "Espagnol": "18 botellas 0,946L or 4 latas 3,785L plus 2 botellas 0,946L",
    "Portugais": "18 latas 0,946L ou 4 garrafões 3,785L plus 2 latas 0,946L",
    "Allemand": "18 Flaschen 0,946L oder vier 3,785L Ölkannen plus 2 Flaschen 0,946L",
    "Drycapacity_ID": 31
  },
  {
    "Anglais": "19 bottles 0,946L or 4 bottles 3,785L plus 3 bottles 0,946L",
    "Français": "19 bouteilles 0,946L ou 4 bidons 3,785L plus 3 bouteilles 0,946L",
    "Espagnol": "19 botellas 0,946L or 4 latas 3,785L plus 3 botellas 0,946L",
    "Portugais": "19 latas 0,946L ou 4 garrafões 3,785L plus 3 latas 0,946L",
    "Allemand": "19 Flaschen 0,946L oder vier 3,785L Ölkannen plus 3 Flaschen 0,946L",
    "Drycapacity_ID": 32
  },
  {
    "Anglais": "",
    "Français": "",
    "Espagnol": "",
    "Portugais": "",
    "Allemand": "",
    "Drycapacity_ID": 33
  }
]