[
  {
    "Make": "Abarth",
    "ID": 1
  },
  {
    "Make": "Alfa Romeo",
    "ID": 2
  },
  {
    "Make": "Alpine",
    "ID": 3
  },
  {
    "Make": "Aro",
    "ID": 4
  },
  {
    "Make": "Aston Martin",
    "ID": 5
  },
  {
    "Make": "Audi",
    "ID": 6
  },
  {
    "Make": "Austin",
    "ID": 7
  },
  {
    "Make": "Bentley",
    "ID": 8
  },
  {
    "Make": "BMW",
    "ID": 9
  },
  {
    "Make": "Brabus",
    "ID": 10
  },
  {
    "Make": "Bugatti",
    "ID": 11
  },
  {
    "Make": "Buick",
    "ID": 12
  },
  {
    "Make": "Cadillac",
    "ID": 13
  },
  {
    "Make": "Cadillac (USA)",
    "ID": 14
  },
  {
    "Make": "Chery",
    "ID": 15
  },
  {
    "Make": "Chevrolet",
    "ID": 16
  },
  {
    "Make": "Chevrolet (USA)",
    "ID": 17
  },
  {
    "Make": "Chrysler",
    "ID": 18
  },
  {
    "Make": "Chrysler (USA)",
    "ID": 19
  },
  {
    "Make": "Citroen",
    "ID": 20
  },
  {
    "Make": "Dacia",
    "ID": 21
  },
  {
    "Make": "Daihatsu",
    "ID": 22
  },
  {
    "Make": "Daimler",
    "ID": 23
  },
  {
    "Make": "Dodge",
    "ID": 24
  },
  {
    "Make": "Dodge (USA)",
    "ID": 25
  },
  {
    "Make": "DS",
    "ID": 26
  },
  {
    "Make": "Ferrari",
    "ID": 27
  },
  {
    "Make": "Fiat",
    "ID": 28
  },
  {
    "Make": "Ford",
    "ID": 29
  },
  {
    "Make": "Galloper",
    "ID": 30
  },
  {
    "Make": "GAZ",
    "ID": 31
  },
  {
    "Make": "Genesis (USA)",
    "ID": 32
  },
  {
    "Make": "GMC (USA)",
    "ID": 33
  },
  {
    "Make": "Honda",
    "ID": 34
  },
  {
    "Make": "Hummer (USA)",
    "ID": 35
  },
  {
    "Make": "Hyundai",
    "ID": 36
  },
  {
    "Make": "Infiniti",
    "ID": 37
  },
  {
    "Make": "Isuzu",
    "ID": 38
  },
  {
    "Make": "Iveco",
    "ID": 39
  },
  {
    "Make": "Jaguar",
    "ID": 40
  },
  {
    "Make": "Jeep",
    "ID": 41
  },
  {
    "Make": "Kia",
    "ID": 42
  },
  {
    "Make": "Lada",
    "ID": 43
  },
  {
    "Make": "Lagonda",
    "ID": 44
  },
  {
    "Make": "Lamborghini",
    "ID": 45
  },
  {
    "Make": "Lancia",
    "ID": 46
  },
  {
    "Make": "Land Rover",
    "ID": 47
  },
  {
    "Make": "Lexus",
    "ID": 48
  },
  {
    "Make": "Lincoln",
    "ID": 49
  },
  {
    "Make": "Lotus",
    "ID": 50
  },
  {
    "Make": "Maserati",
    "ID": 51
  },
  {
    "Make": "Maybach",
    "ID": 52
  },
  {
    "Make": "Mazda",
    "ID": 53
  },
  {
    "Make": "Mercedes-Benz",
    "ID": 54
  },
  {
    "Make": "MG",
    "ID": 55
  },
  {
    "Make": "MINI",
    "ID": 56
  },
  {
    "Make": "Mitsubishi",
    "ID": 57
  },
  {
    "Make": "Morgan",
    "ID": 58
  },
  {
    "Make": "Moskvich",
    "ID": 59
  },
  {
    "Make": "Nissan",
    "ID": 60
  },
  {
    "Make": "Noble",
    "ID": 61
  },
  {
    "Make": "Oldsmobile (USA)",
    "ID": 62
  },
  {
    "Make": "Opel",
    "ID": 63
  },
  {
    "Make": "Peugeot",
    "ID": 64
  },
  {
    "Make": "Pontiac",
    "ID": 65
  },
  {
    "Make": "Pontiac (USA)",
    "ID": 66
  },
  {
    "Make": "Porsche",
    "ID": 67
  },
  {
    "Make": "Proton",
    "ID": 68
  },
  {
    "Make": "Renault",
    "ID": 69
  },
  {
    "Make": "Rolls-Royce",
    "ID": 70
  },
  {
    "Make": "Rover",
    "ID": 71
  },
  {
    "Make": "Saab",
    "ID": 72
  },
  {
    "Make": "Santana",
    "ID": 73
  },
  {
    "Make": "Saturn (USA)",
    "ID": 74
  },
  {
    "Make": "Scion (USA)",
    "ID": 75
  },
  {
    "Make": "Seat",
    "ID": 76
  },
  {
    "Make": "Skoda",
    "ID": 77
  },
  {
    "Make": "Smart",
    "ID": 78
  },
  {
    "Make": "Spyker Cars",
    "ID": 79
  },
  {
    "Make": "SsangYong",
    "ID": 80
  },
  {
    "Make": "Subaru",
    "ID": 81
  },
  {
    "Make": "Suzuki",
    "ID": 82
  },
  {
    "Make": "Tagaz",
    "ID": 83
  },
  {
    "Make": "Toyota",
    "ID": 84
  },
  {
    "Make": "TVR",
    "ID": 85
  },
  {
    "Make": "UAZ",
    "ID": 86
  },
  {
    "Make": "Vauxhall",
    "ID": 87
  },
  {
    "Make": "Vencer",
    "ID": 88
  },
  {
    "Make": "Volkswagen (VW)",
    "ID": 89
  },
  {
    "Make": "Volvo",
    "ID": 90
  },
  {
    "Make": "ZAZ",
    "ID": 91
  }
]